{
    "welcomeFile": "/index.html",
    "authenticationMethod": "route",
    "routes": [
      {
        "source": "/user-api/currentUser$",
        "target": "/currentUser",
        "service": "sap-approuter-userapi"
      },
      {
        "source": "^/films/(.*)$",
        "target": "/films/$1",
        "destination": "movie-studio-app-srv",
        "authenticationType": "xsuaa",
        "csrfProtection": true
      },                 
      {
        "source": "^(.*)$",
        "target": "$1",
        "service": "html5-apps-repo-rt",
        "authenticationType": "xsuaa"
      }
    ]
  }