{
    "welcomeFile": "/index.html",
    "authenticationMethod": "route",
    "routes": [
      {
        "source": "/user-api/currentUser$",
        "target": "/currentUser",
        "service": "sap-approuter-userapi"
      },
      {
        "source": "^/films/(.*)$",
        "target": "/films/$1",
        "destination": "movie-studio-app-srv",
        "authenticationType": "xsuaa"
      },   
      {
        "source": "^/genres/(.*)$",
        "target": "/genres/$1",
        "destination": "movie-studio-app-srv",
        "authenticationType": "xsuaa"
      },
      {
        "source": "^/odata/v4/movie-studio/(.*)$",
        "target": "/odata/v4/movie-studio/$1",
        "destination": "movie-studio-app-srv",
        "authenticationType": "xsuaa"
      },
      {
        "source": "^/schedules/(.*)$",
        "target": "/schedules/$1",
        "destination": "movie-studio-app-srv",
        "authenticationType": "xsuaa"
      },              
      {
        "source": "^(.*)$",
        "target": "$1",
        "service": "html5-apps-repo-rt",
        "authenticationType": "xsuaa"
      }
    ]
  }